{"loss": 0.04619583860039711, "epoch": 2, "_timestamp": 1714566115.623281, "_runtime": 3616.7438740730286, "_step": 10595}