{"loss": 0.03940363973379135, "epoch": 0, "_timestamp": 1714567763.4684167, "_runtime": 392.16781759262085, "_step": 4956, "_wandb": {"runtime": 487}}