{"loss": -0.0, "epoch": 0, "_timestamp": 1714560925.6638432, "_runtime": 158.19443106651306, "_step": 1902, "_wandb": {"runtime": 157}}