{"loss": -0.0, "epoch": 4, "_timestamp": 1714560464.1388931, "_runtime": 1222.925401210785, "_step": 24784, "_wandb": {"runtime": 1293}}