{"loss": 0.04649661108851433, "epoch": 4, "_timestamp": 1714559112.5648475, "_runtime": 1599.9693615436554, "_step": 24784, "_wandb": {"runtime": 1673}}