{"loss": 0.11538462340831757, "epoch": 4, "_timestamp": 1714553019.876041, "_runtime": 252.38511300086975, "_step": 1549, "_wandb": {"runtime": 266}}