{"loss": 0.3920759856700897, "epoch": 0, "_timestamp": 1714474947.232799, "_runtime": 1451.6917281150818, "_step": 145}