{"loss": 0.1847778558731079, "epoch": 0, "_timestamp": 1714562297.6666, "_runtime": 695.025542974472, "_step": 2226}